trial,testing,parameters,initial_deadline,final_deadline,net_reward,actions,success
1,False,"{'a': 0.5, 'e': 0.99}",30,0,-168.28409678785061,"{0: 19, 1: 1, 2: 5, 3: 3, 4: 2}",0
2,False,"{'a': 0.5, 'e': 0.9801}",25,0,-242.1240898865643,"{0: 14, 1: 1, 2: 5, 3: 0, 4: 5}",0
3,False,"{'a': 0.5, 'e': 0.9702989999999999}",25,0,-261.04328923002646,"{0: 10, 1: 4, 2: 5, 3: 2, 4: 4}",0
4,False,"{'a': 0.5, 'e': 0.96059601}",30,0,-70.15642265721984,"{0: 22, 1: 2, 2: 4, 3: 2, 4: 0}",0
5,False,"{'a': 0.5, 'e': 0.9509900498999999}",30,0,-188.64654941891126,"{0: 16, 1: 2, 2: 8, 3: 2, 4: 2}",0
6,False,"{'a': 0.5, 'e': 0.9414801494009999}",25,0,-71.02150111130346,"{0: 16, 1: 0, 2: 9, 3: 0, 4: 0}",0
7,False,"{'a': 0.5, 'e': 0.9320653479069899}",20,5,-120.57056856237064,"{0: 6, 1: 3, 2: 3, 3: 2, 4: 1}",1
8,False,"{'a': 0.5, 'e': 0.92274469442792}",25,0,-218.91398823009914,"{0: 13, 1: 2, 2: 4, 3: 3, 4: 3}",0
9,False,"{'a': 0.5, 'e': 0.9135172474836407}",25,0,-125.61617678691111,"{0: 15, 1: 1, 2: 6, 3: 2, 4: 1}",0
10,False,"{'a': 0.5, 'e': 0.9043820750088043}",30,0,-215.36631506295583,"{0: 18, 1: 1, 2: 7, 3: 0, 4: 4}",0
11,False,"{'a': 0.5, 'e': 0.8953382542587163}",30,0,-225.14610191141486,"{0: 22, 1: 1, 2: 1, 3: 0, 4: 6}",0
12,False,"{'a': 0.5, 'e': 0.8863848717161291}",20,0,-162.79351960112402,"{0: 11, 1: 1, 2: 5, 3: 0, 4: 3}",0
13,False,"{'a': 0.5, 'e': 0.8775210229989678}",30,0,-200.41846092133866,"{0: 15, 1: 7, 2: 4, 3: 1, 4: 3}",0
14,False,"{'a': 0.5, 'e': 0.8687458127689781}",20,0,-63.83233535190068,"{0: 12, 1: 2, 2: 5, 3: 1, 4: 0}",0
15,False,"{'a': 0.5, 'e': 0.8600583546412883}",20,13,-1.6315331681865395,"{0: 6, 1: 0, 2: 1, 3: 0, 4: 0}",1
16,False,"{'a': 0.5, 'e': 0.8514577710948754}",25,17,2.4770711276161914,"{0: 7, 1: 0, 2: 1, 3: 0, 4: 0}",1
17,False,"{'a': 0.5, 'e': 0.8429431933839266}",35,0,-109.74587810478386,"{0: 24, 1: 2, 2: 7, 3: 1, 4: 1}",0
18,False,"{'a': 0.5, 'e': 0.8345137614500874}",30,3,-163.25941180097132,"{0: 13, 1: 5, 2: 6, 3: 1, 4: 2}",1
19,False,"{'a': 0.5, 'e': 0.8261686238355865}",25,0,-153.0358224718458,"{0: 19, 1: 0, 2: 1, 3: 2, 4: 3}",0
20,False,"{'a': 0.5, 'e': 0.8179069375972307}",25,0,-66.19029413660473,"{0: 18, 1: 0, 2: 5, 3: 2, 4: 0}",0
21,False,"{'a': 0.5, 'e': 0.8097278682212583}",25,0,-103.85538513279747,"{0: 17, 1: 3, 2: 1, 3: 3, 4: 1}",0
22,False,"{'a': 0.5, 'e': 0.8016305895390458}",30,0,-58.256991373840265,"{0: 21, 1: 3, 2: 5, 3: 1, 4: 0}",0
23,False,"{'a': 0.5, 'e': 0.7936142836436553}",20,0,-14.912497911859766,"{0: 16, 1: 1, 2: 3, 3: 0, 4: 0}",0
24,False,"{'a': 0.5, 'e': 0.7856781408072188}",20,0,-135.3463633000994,"{0: 14, 1: 1, 2: 1, 3: 1, 4: 3}",0
25,False,"{'a': 0.5, 'e': 0.7778213593991465}",35,2,-208.92075090456228,"{0: 17, 1: 5, 2: 8, 3: 0, 4: 3}",1
26,False,"{'a': 0.5, 'e': 0.7700431458051551}",25,0,-67.69707600552482,"{0: 22, 1: 0, 2: 0, 3: 1, 4: 2}",0
27,False,"{'a': 0.5, 'e': 0.7623427143471035}",30,0,-160.06028054364623,"{0: 19, 1: 1, 2: 4, 3: 5, 4: 1}",0
28,False,"{'a': 0.5, 'e': 0.7547192872036325}",25,0,-176.26209982546803,"{0: 15, 1: 2, 2: 3, 3: 2, 4: 3}",0
29,False,"{'a': 0.5, 'e': 0.7471720943315961}",25,0,-34.41591339810185,"{0: 19, 1: 1, 2: 4, 3: 1, 4: 0}",0
30,False,"{'a': 0.5, 'e': 0.7397003733882802}",25,11,-10.112848654937547,"{0: 10, 1: 3, 2: 1, 3: 0, 4: 0}",1
31,False,"{'a': 0.5, 'e': 0.7323033696543974}",25,2,-160.84455009930807,"{0: 14, 1: 1, 2: 4, 3: 1, 4: 3}",1
32,False,"{'a': 0.5, 'e': 0.7249803359578534}",20,0,-46.94624209465149,"{0: 16, 1: 0, 2: 2, 3: 2, 4: 0}",0
33,False,"{'a': 0.5, 'e': 0.7177305325982748}",30,0,-110.90251661082192,"{0: 18, 1: 0, 2: 11, 3: 1, 4: 0}",0
34,False,"{'a': 0.5, 'e': 0.7105532272722921}",30,0,-224.45623971052459,"{0: 15, 1: 6, 2: 3, 3: 3, 4: 3}",0
35,False,"{'a': 0.5, 'e': 0.7034476949995692}",20,0,-126.38324305324942,"{0: 11, 1: 3, 2: 3, 3: 1, 4: 2}",0
36,False,"{'a': 0.5, 'e': 0.6964132180495735}",25,0,-72.38411463866001,"{0: 20, 1: 3, 2: 0, 3: 0, 4: 2}",0
37,False,"{'a': 0.5, 'e': 0.6894490858690777}",20,0,-70.8796126634982,"{0: 14, 1: 0, 2: 3, 3: 3, 4: 0}",0
38,False,"{'a': 0.5, 'e': 0.682554595010387}",20,0,-87.76577968156353,"{0: 12, 1: 3, 2: 3, 3: 1, 4: 1}",0
39,False,"{'a': 0.5, 'e': 0.6757290490602831}",25,0,-106.84413151807891,"{0: 17, 1: 2, 2: 4, 3: 0, 4: 2}",0
40,False,"{'a': 0.5, 'e': 0.6689717585696803}",25,0,-229.1375328984001,"{0: 15, 1: 3, 2: 1, 3: 1, 4: 5}",0
41,False,"{'a': 0.5, 'e': 0.6622820409839835}",25,0,-67.46592922041084,"{0: 20, 1: 0, 2: 2, 3: 2, 4: 1}",0
42,False,"{'a': 0.5, 'e': 0.6556592205741436}",30,0,-183.65342960924957,"{0: 19, 1: 1, 2: 6, 3: 1, 4: 3}",0
43,False,"{'a': 0.5, 'e': 0.6491026283684022}",30,18,-17.757066469164396,"{0: 9, 1: 0, 2: 3, 3: 0, 4: 0}",1
44,False,"{'a': 0.5, 'e': 0.6426116020847181}",20,11,15.069696102272694,"{0: 9, 1: 0, 2: 0, 3: 0, 4: 0}",1
45,False,"{'a': 0.5, 'e': 0.6361854860638709}",20,0,-84.23960250404411,"{0: 15, 1: 1, 2: 2, 3: 0, 4: 2}",0
46,False,"{'a': 0.5, 'e': 0.6298236312032323}",25,0,-95.12298594684884,"{0: 16, 1: 3, 2: 4, 3: 1, 4: 1}",0
47,False,"{'a': 0.5, 'e': 0.6235253948912}",25,7,-16.811000514492168,"{0: 14, 1: 0, 2: 4, 3: 0, 4: 0}",1
48,False,"{'a': 0.5, 'e': 0.617290140942288}",20,2,-68.32841233309351,"{0: 10, 1: 1, 2: 6, 3: 1, 4: 0}",1
49,False,"{'a': 0.5, 'e': 0.6111172395328651}",20,0,-79.44525409604138,"{0: 16, 1: 1, 2: 0, 3: 1, 4: 2}",0
50,False,"{'a': 0.5, 'e': 0.6050060671375365}",20,16,5.093482542647832,"{0: 4, 1: 0, 2: 0, 3: 0, 4: 0}",1
51,False,"{'a': 0.5, 'e': 0.5989560064661611}",25,0,5.528605785794431,"{0: 22, 1: 2, 2: 1, 3: 0, 4: 0}",0
52,False,"{'a': 0.5, 'e': 0.5929664464014994}",20,0,-62.93587169709173,"{0: 15, 1: 0, 2: 4, 3: 0, 4: 1}",0
53,False,"{'a': 0.5, 'e': 0.5870367819374844}",25,0,-144.02804516139446,"{0: 17, 1: 3, 2: 1, 3: 1, 4: 3}",0
54,False,"{'a': 0.5, 'e': 0.5811664141181095}",20,0,-58.146724460068604,"{0: 15, 1: 2, 2: 2, 3: 0, 4: 1}",0
55,False,"{'a': 0.5, 'e': 0.5753547499769285}",25,0,-144.85549434193365,"{0: 16, 1: 3, 2: 3, 3: 0, 4: 3}",0
56,False,"{'a': 0.5, 'e': 0.5696012024771592}",20,0,-86.99206468235391,"{0: 16, 1: 0, 2: 1, 3: 1, 4: 2}",0
57,False,"{'a': 0.5, 'e': 0.5639051904523876}",20,0,-112.42549037586235,"{0: 14, 1: 0, 2: 3, 3: 1, 4: 2}",0
58,False,"{'a': 0.5, 'e': 0.5582661385478638}",20,2,-76.7553852046711,"{0: 15, 1: 0, 2: 0, 3: 1, 4: 2}",1
59,False,"{'a': 0.5, 'e': 0.5526834771623851}",20,0,-41.950354197662875,"{0: 16, 1: 1, 2: 2, 3: 0, 4: 1}",0
60,False,"{'a': 0.5, 'e': 0.5471566423907612}",25,15,-24.182168613768937,"{0: 9, 1: 0, 2: 0, 3: 0, 4: 1}",1
61,False,"{'a': 0.5, 'e': 0.5416850759668536}",25,0,-62.19241989408708,"{0: 18, 1: 3, 2: 3, 3: 0, 4: 1}",0
62,False,"{'a': 0.5, 'e': 0.536268225207185}",25,0,-74.71659966189911,"{0: 17, 1: 3, 2: 4, 3: 0, 4: 1}",0
63,False,"{'a': 0.5, 'e': 0.5309055429551132}",30,10,-26.802787328398125,"{0: 15, 1: 1, 2: 3, 3: 1, 4: 0}",1
64,False,"{'a': 0.5, 'e': 0.525596487525562}",25,7,-57.502952807230244,"{0: 11, 1: 1, 2: 5, 3: 1, 4: 0}",1
65,False,"{'a': 0.5, 'e': 0.5203405226503064}",20,8,-8.513632607156733,"{0: 10, 1: 1, 2: 0, 3: 1, 4: 0}",1
66,False,"{'a': 0.5, 'e': 0.5151371174238033}",20,0,-152.48617404841102,"{0: 7, 1: 5, 2: 6, 3: 0, 4: 2}",0
67,False,"{'a': 0.5, 'e': 0.5099857462495653}",25,2,-130.68750091266108,"{0: 16, 1: 1, 2: 3, 3: 0, 4: 3}",1
68,False,"{'a': 0.5, 'e': 0.5048858887870696}",30,9,-92.34898925828458,"{0: 15, 1: 1, 2: 1, 3: 3, 4: 1}",1
69,False,"{'a': 0.5, 'e': 0.4998370298991989}",25,12,-59.36874444574388,"{0: 9, 1: 0, 2: 3, 3: 0, 4: 1}",1
70,False,"{'a': 0.5, 'e': 0.49483865960020695}",20,9,-40.69673014090729,"{0: 8, 1: 1, 2: 1, 3: 0, 4: 1}",1
71,False,"{'a': 0.5, 'e': 0.4898902730042049}",35,12,38.42326139406276,"{0: 23, 1: 0, 2: 0, 3: 0, 4: 0}",1
72,False,"{'a': 0.5, 'e': 0.48499137027416284}",25,13,-100.64344148204322,"{0: 8, 1: 0, 2: 1, 3: 1, 4: 2}",1
73,False,"{'a': 0.5, 'e': 0.4801414565714212}",30,7,-83.84809189747006,"{0: 17, 1: 2, 2: 2, 3: 0, 4: 2}",1
74,False,"{'a': 0.5, 'e': 0.475340042005707}",20,12,15.466946095842223,"{0: 8, 1: 0, 2: 0, 3: 0, 4: 0}",1
75,False,"{'a': 0.5, 'e': 0.47058664158564995}",25,10,-7.728432242136185,"{0: 12, 1: 0, 2: 3, 3: 0, 4: 0}",1
76,False,"{'a': 0.5, 'e': 0.4658807751697934}",20,10,-5.962385913086155,"{0: 8, 1: 0, 2: 2, 3: 0, 4: 0}",1
77,False,"{'a': 0.5, 'e': 0.4612219674180955}",20,1,-34.565089686726616,"{0: 16, 1: 1, 2: 1, 3: 0, 4: 1}",1
78,False,"{'a': 0.5, 'e': 0.45660974774391455}",20,0,-77.31261000695251,"{0: 14, 1: 2, 2: 2, 3: 1, 4: 1}",0
79,False,"{'a': 0.5, 'e': 0.4520436502664754}",20,0,-221.35172244586818,"{0: 9, 1: 2, 2: 2, 3: 4, 4: 3}",0
80,False,"{'a': 0.5, 'e': 0.44752321376381066}",30,0,-74.86077684575883,"{0: 23, 1: 1, 2: 2, 3: 4, 4: 0}",0
81,False,"{'a': 0.5, 'e': 0.44304798162617254}",20,0,-139.33264372750008,"{0: 15, 1: 0, 2: 0, 3: 2, 4: 3}",0
82,False,"{'a': 0.5, 'e': 0.4386175018099108}",20,0,-49.05794698600379,"{0: 14, 1: 1, 2: 4, 3: 1, 4: 0}",0
83,False,"{'a': 0.5, 'e': 0.4342313267918117}",30,16,-20.161492686502264,"{0: 13, 1: 0, 2: 0, 3: 0, 4: 1}",1
84,False,"{'a': 0.5, 'e': 0.4298890135238936}",20,0,-77.38414477838103,"{0: 16, 1: 0, 2: 2, 3: 0, 4: 2}",0
85,False,"{'a': 0.5, 'e': 0.42559012338865465}",25,12,-60.42316554124402,"{0: 11, 1: 0, 2: 0, 3: 0, 4: 2}",1
86,False,"{'a': 0.5, 'e': 0.4213342221547681}",30,18,8.305320540783331,"{0: 11, 1: 0, 2: 1, 3: 0, 4: 0}",1
87,False,"{'a': 0.5, 'e': 0.41712087993322045}",25,4,16.725130869580703,"{0: 19, 1: 2, 2: 0, 3: 0, 4: 0}",1
88,False,"{'a': 0.5, 'e': 0.41294967113388825}",20,0,-11.849066894024057,"{0: 16, 1: 1, 2: 3, 3: 0, 4: 0}",0
89,False,"{'a': 0.5, 'e': 0.40882017442254937}",25,0,-0.1884135614598983,"{0: 22, 1: 0, 2: 3, 3: 0, 4: 0}",0
90,False,"{'a': 0.5, 'e': 0.4047319726783239}",20,4,-42.86750570163204,"{0: 12, 1: 0, 2: 2, 3: 2, 4: 0}",1
91,False,"{'a': 0.5, 'e': 0.40068465295154065}",20,0,-108.070436764715,"{0: 13, 1: 1, 2: 4, 3: 0, 4: 2}",0
92,False,"{'a': 0.5, 'e': 0.39667780642202527}",20,1,-0.3835533618193343,"{0: 16, 1: 1, 2: 2, 3: 0, 4: 0}",1
93,False,"{'a': 0.5, 'e': 0.392711028357805}",25,13,-34.144284178408,"{0: 10, 1: 0, 2: 1, 3: 0, 4: 1}",1
94,False,"{'a': 0.5, 'e': 0.38878391807422696}",20,0,-52.63276390411875,"{0: 14, 1: 0, 2: 5, 3: 1, 4: 0}",0
95,False,"{'a': 0.5, 'e': 0.3848960788934847}",20,7,14.516498306082768,"{0: 12, 1: 0, 2: 1, 3: 0, 4: 0}",1
96,False,"{'a': 0.5, 'e': 0.38104711810454983}",20,0,-48.83470745838612,"{0: 15, 1: 2, 2: 2, 3: 0, 4: 1}",0
97,False,"{'a': 0.5, 'e': 0.37723664692350434}",30,0,-85.38382054810275,"{0: 25, 1: 1, 2: 1, 3: 1, 4: 2}",0
98,False,"{'a': 0.5, 'e': 0.37346428045426927}",20,3,-131.20836230179987,"{0: 11, 1: 1, 2: 0, 3: 3, 4: 2}",1
99,False,"{'a': 0.5, 'e': 0.36972963764972655}",25,5,-73.12531710556925,"{0: 16, 1: 1, 2: 1, 3: 0, 4: 2}",1
100,False,"{'a': 0.5, 'e': 0.36603234127322926}",20,9,18.758554299019682,"{0: 11, 1: 0, 2: 0, 3: 0, 4: 0}",1
101,False,"{'a': 0.5, 'e': 0.36237201786049694}",20,5,-56.19641246484412,"{0: 11, 1: 2, 2: 0, 3: 1, 4: 1}",1
102,False,"{'a': 0.5, 'e': 0.358748297681892}",30,0,-56.19095973957161,"{0: 24, 1: 0, 2: 5, 3: 0, 4: 1}",0
103,False,"{'a': 0.5, 'e': 0.35516081470507305}",20,0,-6.9504469307031655,"{0: 17, 1: 0, 2: 3, 3: 0, 4: 0}",0
104,False,"{'a': 0.5, 'e': 0.3516092065580223}",25,8,29.614663726983995,"{0: 17, 1: 0, 2: 0, 3: 0, 4: 0}",1
105,False,"{'a': 0.5, 'e': 0.34809311449244207}",25,0,33.243621124456645,"{0: 25, 1: 0, 2: 0, 3: 0, 4: 0}",0
106,False,"{'a': 0.5, 'e': 0.34461218334751764}",25,5,-18.13646182384413,"{0: 18, 1: 0, 2: 0, 3: 2, 4: 0}",1
107,False,"{'a': 0.5, 'e': 0.34116606151404244}",25,3,-35.03866384033753,"{0: 17, 1: 1, 2: 2, 3: 2, 4: 0}",1
108,False,"{'a': 0.5, 'e': 0.337754400898902}",30,0,-49.09067475836909,"{0: 23, 1: 0, 2: 6, 3: 1, 4: 0}",0
109,False,"{'a': 0.5, 'e': 0.334376856889913}",25,0,1.2576271345265184,"{0: 22, 1: 0, 2: 3, 3: 0, 4: 0}",0
110,False,"{'a': 0.5, 'e': 0.33103308832101386}",20,13,0.6210137437619405,"{0: 6, 1: 0, 2: 1, 3: 0, 4: 0}",1
111,False,"{'a': 0.5, 'e': 0.3277227574378037}",30,3,-70.1285314254869,"{0: 22, 1: 1, 2: 2, 3: 0, 4: 2}",1
112,False,"{'a': 0.5, 'e': 0.3244455298634257}",20,3,-125.66245365748223,"{0: 12, 1: 0, 2: 2, 3: 0, 4: 3}",1
113,False,"{'a': 0.5, 'e': 0.3212010745647914}",25,19,-2.3030764642877704,"{0: 5, 1: 0, 2: 1, 3: 0, 4: 0}",1
114,False,"{'a': 0.5, 'e': 0.3179890638191435}",20,0,8.356668479187906,"{0: 17, 1: 2, 2: 1, 3: 0, 4: 0}",0
115,False,"{'a': 0.5, 'e': 0.31480917318095203}",25,0,6.293895713817437,"{0: 22, 1: 1, 2: 2, 3: 0, 4: 0}",0
116,False,"{'a': 0.5, 'e': 0.3116610814491425}",20,16,6.591637625898981,"{0: 4, 1: 0, 2: 0, 3: 0, 4: 0}",1
117,False,"{'a': 0.5, 'e': 0.30854447063465107}",25,0,-1.2184280354631032,"{0: 22, 1: 1, 2: 2, 3: 0, 4: 0}",1
118,False,"{'a': 0.5, 'e': 0.30545902592830454}",20,8,-7.313186163727722,"{0: 10, 1: 0, 2: 2, 3: 0, 4: 0}",1
119,False,"{'a': 0.5, 'e': 0.3024044356690215}",20,14,11.39471479816329,"{0: 6, 1: 0, 2: 0, 3: 0, 4: 0}",1
120,False,"{'a': 0.5, 'e': 0.29938039131233124}",20,12,15.025715182146108,"{0: 8, 1: 0, 2: 0, 3: 0, 4: 0}",1
121,False,"{'a': 0.5, 'e': 0.2963865873992079}",30,7,-17.45728310074296,"{0: 19, 1: 0, 2: 3, 3: 1, 4: 0}",1
122,False,"{'a': 0.5, 'e': 0.29342272152521587}",20,8,15.521528995781742,"{0: 11, 1: 1, 2: 0, 3: 0, 4: 0}",1
123,False,"{'a': 0.5, 'e': 0.2904884943099637}",20,16,5.645783678477198,"{0: 4, 1: 0, 2: 0, 3: 0, 4: 0}",1
124,False,"{'a': 0.5, 'e': 0.28758360936686406}",20,9,7.288664498957663,"{0: 10, 1: 1, 2: 0, 3: 0, 4: 0}",1
125,False,"{'a': 0.5, 'e': 0.2847077732731954}",20,12,-28.15746708110717,"{0: 7, 1: 0, 2: 0, 3: 0, 4: 1}",1
126,False,"{'a': 0.5, 'e': 0.28186069554046345}",25,0,-23.253392561332827,"{0: 21, 1: 3, 2: 0, 3: 0, 4: 1}",0
127,False,"{'a': 0.5, 'e': 0.2790420885850588}",30,7,-21.13654298835666,"{0: 20, 1: 1, 2: 1, 3: 0, 4: 1}",1
128,False,"{'a': 0.5, 'e': 0.2762516676992082}",30,2,-20.570367575934714,"{0: 23, 1: 2, 2: 2, 3: 1, 4: 0}",1
129,False,"{'a': 0.5, 'e': 0.27348915102221616}",20,6,21.68643769982586,"{0: 14, 1: 0, 2: 0, 3: 0, 4: 0}",1
130,False,"{'a': 0.5, 'e': 0.270754259511994}",20,0,-110.8570043441914,"{0: 14, 1: 1, 2: 2, 3: 1, 4: 2}",0
131,False,"{'a': 0.5, 'e': 0.26804671691687404}",35,4,18.106581543275393,"{0: 28, 1: 1, 2: 2, 3: 0, 4: 0}",1
132,False,"{'a': 0.5, 'e': 0.2653662497477053}",25,0,-16.178943797095144,"{0: 23, 1: 0, 2: 1, 3: 0, 4: 1}",0
133,False,"{'a': 0.5, 'e': 0.2627125872502282}",20,15,10.042634313838953,"{0: 5, 1: 0, 2: 0, 3: 0, 4: 0}",1
134,False,"{'a': 0.5, 'e': 0.2600854613777259}",25,0,-26.927498609920466,"{0: 22, 1: 0, 2: 2, 3: 0, 4: 1}",0
135,False,"{'a': 0.5, 'e': 0.2574846067639487}",25,0,-29.398063946143978,"{0: 23, 1: 0, 2: 0, 3: 1, 4: 1}",0
136,False,"{'a': 0.5, 'e': 0.2549097606963092}",25,0,-12.751029083908296,"{0: 23, 1: 0, 2: 1, 3: 0, 4: 1}",0
137,False,"{'a': 0.5, 'e': 0.2523606630893461}",25,13,11.457065808828059,"{0: 11, 1: 1, 2: 0, 3: 0, 4: 0}",1
138,False,"{'a': 0.5, 'e': 0.24983705645845267}",20,4,15.970833455665094,"{0: 15, 1: 0, 2: 1, 3: 0, 4: 0}",1
139,False,"{'a': 0.5, 'e': 0.24733868589386815}",25,14,-22.87889765940855,"{0: 10, 1: 0, 2: 0, 3: 0, 4: 1}",1
140,False,"{'a': 0.5, 'e': 0.24486529903492946}",20,6,9.118999701127688,"{0: 13, 1: 0, 2: 1, 3: 0, 4: 0}",1
141,False,"{'a': 0.5, 'e': 0.24241664604458016}",20,3,6.77267145138447,"{0: 15, 1: 0, 2: 2, 3: 0, 4: 0}",1
142,False,"{'a': 0.5, 'e': 0.23999247958413436}",20,0,20.750731603217652,"{0: 19, 1: 0, 2: 1, 3: 0, 4: 0}",0
143,False,"{'a': 0.5, 'e': 0.23759255478829303}",20,2,19.104178053969058,"{0: 17, 1: 0, 2: 1, 3: 0, 4: 0}",1
144,False,"{'a': 0.5, 'e': 0.2352166292404101}",25,0,-59.178745094461604,"{0: 19, 1: 2, 2: 2, 3: 1, 4: 1}",0
145,False,"{'a': 0.5, 'e': 0.232864462948006}",20,0,-2.5246603930450795,"{0: 18, 1: 0, 2: 1, 3: 1, 4: 0}",0
146,False,"{'a': 0.5, 'e': 0.23053581831852593}",30,11,-25.90768922372329,"{0: 14, 1: 2, 2: 2, 3: 1, 4: 0}",1
147,False,"{'a': 0.5, 'e': 0.22823046013534068}",20,9,17.169859833536545,"{0: 11, 1: 0, 2: 0, 3: 0, 4: 0}",1
148,False,"{'a': 0.5, 'e': 0.22594815553398728}",20,3,-17.053520691776324,"{0: 14, 1: 1, 2: 1, 3: 1, 4: 0}",1
149,False,"{'a': 0.5, 'e': 0.22368867397864742}",25,6,20.812670679434266,"{0: 18, 1: 1, 2: 0, 3: 0, 4: 0}",1
150,False,"{'a': 0.5, 'e': 0.22145178723886094}",20,12,-6.280768208825956,"{0: 7, 1: 0, 2: 0, 3: 1, 4: 0}",1
151,False,"{'a': 0.5, 'e': 0.21923726936647234}",25,8,-15.777783679680091,"{0: 16, 1: 0, 2: 0, 3: 0, 4: 1}",1
152,False,"{'a': 0.5, 'e': 0.2170448966728076}",25,19,12.260245014737425,"{0: 6, 1: 0, 2: 0, 3: 0, 4: 0}",1
153,False,"{'a': 0.5, 'e': 0.21487444770607952}",25,11,-17.279351739263685,"{0: 13, 1: 0, 2: 0, 3: 0, 4: 1}",1
154,False,"{'a': 0.5, 'e': 0.21272570322901874}",25,11,-16.109007953934942,"{0: 11, 1: 1, 2: 1, 3: 1, 4: 0}",1
155,False,"{'a': 0.5, 'e': 0.21059844619672854}",20,0,31.091794577814326,"{0: 20, 1: 0, 2: 0, 3: 0, 4: 0}",0
156,False,"{'a': 0.5, 'e': 0.20849246173476127}",20,8,4.428529717345617,"{0: 11, 1: 0, 2: 1, 3: 0, 4: 0}",1
157,False,"{'a': 0.5, 'e': 0.20640753711741366}",20,15,-2.759017275110264,"{0: 4, 1: 0, 2: 1, 3: 0, 4: 0}",1
158,False,"{'a': 0.5, 'e': 0.20434346174623952}",20,0,20.491964805363523,"{0: 19, 1: 0, 2: 1, 3: 0, 4: 0}",0
159,False,"{'a': 0.5, 'e': 0.20230002712877712}",20,14,11.270136201569928,"{0: 6, 1: 0, 2: 0, 3: 0, 4: 0}",1
160,False,"{'a': 0.5, 'e': 0.20027702685748935}",20,16,6.646887576106884,"{0: 4, 1: 0, 2: 0, 3: 0, 4: 0}",1
161,False,"{'a': 0.5, 'e': 0.19827425658891445}",20,11,16.816716839274818,"{0: 9, 1: 0, 2: 0, 3: 0, 4: 0}",1
162,False,"{'a': 0.5, 'e': 0.1962915140230253}",25,6,-51.035573405666824,"{0: 14, 1: 1, 2: 3, 3: 0, 4: 1}",1
163,False,"{'a': 0.5, 'e': 0.19432859888279505}",20,0,-25.030096993452574,"{0: 18, 1: 0, 2: 0, 3: 1, 4: 1}",0
164,False,"{'a': 0.5, 'e': 0.1923853128939671}",35,0,-17.537928923349092,"{0: 32, 1: 0, 2: 2, 3: 0, 4: 1}",0
165,False,"{'a': 0.5, 'e': 0.19046145976502743}",30,15,11.53197974692568,"{0: 13, 1: 2, 2: 0, 3: 0, 4: 0}",1
166,False,"{'a': 0.5, 'e': 0.18855684516737714}",30,12,-4.858870883191521,"{0: 15, 1: 0, 2: 3, 3: 0, 4: 0}",1
167,False,"{'a': 0.5, 'e': 0.18667127671570335}",20,15,8.689007187102995,"{0: 5, 1: 0, 2: 0, 3: 0, 4: 0}",1
168,False,"{'a': 0.5, 'e': 0.18480456394854633}",20,16,7.3506153073041105,"{0: 4, 1: 0, 2: 0, 3: 0, 4: 0}",1
169,False,"{'a': 0.5, 'e': 0.18295651830906087}",20,10,-17.392175519405434,"{0: 8, 1: 0, 2: 1, 3: 1, 4: 0}",1
170,False,"{'a': 0.5, 'e': 0.18112695312597027}",25,0,18.49396020121105,"{0: 23, 1: 0, 2: 2, 3: 0, 4: 0}",0
171,False,"{'a': 0.5, 'e': 0.17931568359471056}",20,0,11.470521692358174,"{0: 18, 1: 1, 2: 1, 3: 0, 4: 0}",0
172,False,"{'a': 0.5, 'e': 0.17752252675876345}",20,10,20.006826017299204,"{0: 10, 1: 0, 2: 0, 3: 0, 4: 0}",1
173,False,"{'a': 0.5, 'e': 0.17574730149117582}",25,6,6.946656462526765,"{0: 17, 1: 0, 2: 2, 3: 0, 4: 0}",1
174,False,"{'a': 0.5, 'e': 0.17398982847626407}",20,0,-20.96357428945262,"{0: 18, 1: 1, 2: 0, 3: 0, 4: 1}",0
175,False,"{'a': 0.5, 'e': 0.17224993019150142}",25,0,25.87441041299981,"{0: 23, 1: 2, 2: 0, 3: 0, 4: 0}",0
176,False,"{'a': 0.5, 'e': 0.1705274308895864}",30,18,-33.44961278453265,"{0: 10, 1: 0, 2: 1, 3: 0, 4: 1}",1
177,False,"{'a': 0.5, 'e': 0.16882215658069055}",25,10,27.712986640481684,"{0: 15, 1: 0, 2: 0, 3: 0, 4: 0}",1
178,False,"{'a': 0.5, 'e': 0.16713393501488363}",30,13,-33.82250523588883,"{0: 14, 1: 0, 2: 2, 3: 0, 4: 1}",1
179,False,"{'a': 0.5, 'e': 0.16546259566473479}",20,12,14.394857383004101,"{0: 8, 1: 0, 2: 0, 3: 0, 4: 0}",1
180,False,"{'a': 0.5, 'e': 0.16380796970808745}",25,11,2.6242498132587544,"{0: 13, 1: 0, 2: 0, 3: 1, 4: 0}",1
181,False,"{'a': 0.5, 'e': 0.16216989001100657}",20,1,11.725592007036964,"{0: 17, 1: 1, 2: 1, 3: 0, 4: 0}",1
182,False,"{'a': 0.5, 'e': 0.1605481911108965}",25,17,13.80234479680224,"{0: 8, 1: 0, 2: 0, 3: 0, 4: 0}",1
183,False,"{'a': 0.5, 'e': 0.15894270919978754}",20,8,-18.623097755687876,"{0: 11, 1: 0, 2: 0, 3: 0, 4: 1}",1
184,False,"{'a': 0.5, 'e': 0.15735328210778965}",35,22,-17.242320249996858,"{0: 12, 1: 0, 2: 0, 3: 0, 4: 1}",1
185,False,"{'a': 0.5, 'e': 0.15577974928671176}",30,10,-38.98452464903078,"{0: 17, 1: 1, 2: 0, 3: 1, 4: 1}",1
186,False,"{'a': 0.5, 'e': 0.15422195179384465}",20,0,-77.95809150002408,"{0: 16, 1: 0, 2: 2, 3: 0, 4: 2}",0
187,False,"{'a': 0.5, 'e': 0.1526797322759062}",20,10,19.479789752729168,"{0: 10, 1: 0, 2: 0, 3: 0, 4: 0}",1
188,False,"{'a': 0.5, 'e': 0.15115293495314713}",20,2,10.940176814636617,"{0: 17, 1: 0, 2: 0, 3: 1, 4: 0}",1
189,False,"{'a': 0.5, 'e': 0.14964140560361566}",20,13,10.32643424933502,"{0: 7, 1: 0, 2: 0, 3: 0, 4: 0}",1
190,False,"{'a': 0.5, 'e': 0.1481449915475795}",30,18,19.510472677268467,"{0: 12, 1: 0, 2: 0, 3: 0, 4: 0}",1
191,False,"{'a': 0.5, 'e': 0.1466635416321037}",25,10,-35.48361547446743,"{0: 13, 1: 0, 2: 0, 3: 1, 4: 1}",1
192,False,"{'a': 0.5, 'e': 0.14519690621578268}",25,12,16.203658029382794,"{0: 12, 1: 1, 2: 0, 3: 0, 4: 0}",1
193,False,"{'a': 0.5, 'e': 0.14374493715362485}",20,6,-4.245863892015677,"{0: 11, 1: 2, 2: 1, 3: 0, 4: 0}",1
194,False,"{'a': 0.5, 'e': 0.1423074877820886}",30,13,-17.559708771601994,"{0: 15, 1: 0, 2: 1, 3: 0, 4: 1}",1
195,False,"{'a': 0.5, 'e': 0.1408844129042677}",20,12,14.420187230443716,"{0: 8, 1: 0, 2: 0, 3: 0, 4: 0}",1
196,False,"{'a': 0.5, 'e': 0.13947556877522502}",25,17,15.555993008498925,"{0: 8, 1: 0, 2: 0, 3: 0, 4: 0}",1
197,False,"{'a': 0.5, 'e': 0.13808081308747278}",20,9,8.215793457293396,"{0: 10, 1: 0, 2: 1, 3: 0, 4: 0}",1
198,False,"{'a': 0.5, 'e': 0.13670000495659804}",25,8,22.839148826061393,"{0: 16, 1: 0, 2: 1, 3: 0, 4: 0}",1
199,False,"{'a': 0.5, 'e': 0.13533300490703207}",25,11,24.552061011303906,"{0: 14, 1: 0, 2: 0, 3: 0, 4: 0}",1
200,False,"{'a': 0.5, 'e': 0.13397967485796175}",25,8,19.983755293937023,"{0: 16, 1: 1, 2: 0, 3: 0, 4: 0}",1
201,False,"{'a': 0.5, 'e': 0.13263987810938213}",20,12,15.404333118437922,"{0: 8, 1: 0, 2: 0, 3: 0, 4: 0}",1
202,False,"{'a': 0.5, 'e': 0.1313134793282883}",25,8,30.499447769642,"{0: 17, 1: 0, 2: 0, 3: 0, 4: 0}",1
203,False,"{'a': 0.5, 'e': 0.13000034453500542}",20,6,-49.58542765094832,"{0: 10, 1: 0, 2: 3, 3: 0, 4: 1}",1
204,False,"{'a': 0.5, 'e': 0.12870034108965536}",25,0,42.83328930558402,"{0: 25, 1: 0, 2: 0, 3: 0, 4: 0}",0
205,False,"{'a': 0.5, 'e': 0.12741333767875881}",20,11,14.655140644465206,"{0: 9, 1: 0, 2: 0, 3: 0, 4: 0}",1
206,False,"{'a': 0.5, 'e': 0.12613920430197123}",20,15,-32.17457482883117,"{0: 4, 1: 0, 2: 0, 3: 0, 4: 1}",1
207,False,"{'a': 0.5, 'e': 0.12487781225895152}",20,15,3.2418945062395395,"{0: 4, 1: 1, 2: 0, 3: 0, 4: 0}",1
208,False,"{'a': 0.5, 'e': 0.123629034136362}",35,24,-5.606979217032053,"{0: 9, 1: 0, 2: 2, 3: 0, 4: 0}",1
209,False,"{'a': 0.5, 'e': 0.12239274379499838}",20,10,17.174296014066996,"{0: 10, 1: 0, 2: 0, 3: 0, 4: 0}",1
210,False,"{'a': 0.5, 'e': 0.1211688163570484}",25,15,-34.835609411766335,"{0: 8, 1: 0, 2: 1, 3: 0, 4: 1}",1
211,False,"{'a': 0.5, 'e': 0.11995712819347792}",25,14,12.547747326758852,"{0: 10, 1: 0, 2: 1, 3: 0, 4: 0}",1
212,False,"{'a': 0.5, 'e': 0.11875755691154315}",25,0,38.13407418434377,"{0: 25, 1: 0, 2: 0, 3: 0, 4: 0}",0
213,False,"{'a': 0.5, 'e': 0.11756998134242772}",30,15,24.09920741382606,"{0: 15, 1: 0, 2: 0, 3: 0, 4: 0}",1
214,False,"{'a': 0.5, 'e': 0.11639428152900344}",25,17,16.11207222513082,"{0: 8, 1: 0, 2: 0, 3: 0, 4: 0}",1
215,False,"{'a': 0.5, 'e': 0.11523033871371341}",25,13,26.194583843136794,"{0: 12, 1: 0, 2: 0, 3: 0, 4: 0}",1
216,False,"{'a': 0.5, 'e': 0.11407803532657627}",20,10,22.145423593180766,"{0: 10, 1: 0, 2: 0, 3: 0, 4: 0}",1
217,False,"{'a': 0.5, 'e': 0.11293725497331052}",35,23,-0.6806519920459428,"{0: 11, 1: 0, 2: 0, 3: 1, 4: 0}",1
218,False,"{'a': 0.5, 'e': 0.1118078824235774}",25,7,16.2570696920339,"{0: 17, 1: 0, 2: 1, 3: 0, 4: 0}",1
219,False,"{'a': 0.5, 'e': 0.11068980359934164}",20,14,11.45416975436189,"{0: 6, 1: 0, 2: 0, 3: 0, 4: 0}",1
220,False,"{'a': 0.5, 'e': 0.10958290556334822}",25,15,20.462051639531513,"{0: 10, 1: 0, 2: 0, 3: 0, 4: 0}",1
221,False,"{'a': 0.5, 'e': 0.10848707650771475}",25,10,23.655717977479693,"{0: 15, 1: 0, 2: 0, 3: 0, 4: 0}",1
222,False,"{'a': 0.5, 'e': 0.1074022057426376}",20,12,14.441593542396589,"{0: 8, 1: 0, 2: 0, 3: 0, 4: 0}",1
223,False,"{'a': 0.5, 'e': 0.10632818368521123}",20,2,-29.752378206866634,"{0: 16, 1: 0, 2: 1, 3: 0, 4: 1}",1
224,False,"{'a': 0.5, 'e': 0.10526490184835911}",20,0,-21.455740328486595,"{0: 18, 1: 0, 2: 1, 3: 0, 4: 1}",0
225,False,"{'a': 0.5, 'e': 0.10421225282987552}",25,18,13.742712136631567,"{0: 7, 1: 0, 2: 0, 3: 0, 4: 0}",1
226,False,"{'a': 0.5, 'e': 0.10317013030157676}",30,0,43.78309346354786,"{0: 30, 1: 0, 2: 0, 3: 0, 4: 0}",0
227,False,"{'a': 0.5, 'e': 0.10213842899856099}",25,11,-13.912690553401436,"{0: 13, 1: 0, 2: 0, 3: 0, 4: 1}",1
228,False,"{'a': 0.5, 'e': 0.10111704470857538}",20,16,7.937970829685677,"{0: 4, 1: 0, 2: 0, 3: 0, 4: 0}",1
229,False,"{'a': 0.5, 'e': 0.10010587426148963}",30,13,32.276426959789084,"{0: 17, 1: 0, 2: 0, 3: 0, 4: 0}",1
230,False,"{'a': 0.5, 'e': 0.09910481551887473}",25,13,23.189624247393596,"{0: 12, 1: 0, 2: 0, 3: 0, 4: 0}",1
231,False,"{'a': 0.5, 'e': 0.09811376736368599}",25,3,-2.979735088549602,"{0: 21, 1: 0, 2: 0, 3: 0, 4: 1}",1
232,False,"{'a': 0.5, 'e': 0.09713262969004913}",25,1,-36.31850879423924,"{0: 21, 1: 1, 2: 0, 3: 1, 4: 1}",1
233,False,"{'a': 0.5, 'e': 0.09616130339314863}",20,11,15.299816096299091,"{0: 9, 1: 0, 2: 0, 3: 0, 4: 0}",1
234,False,"{'a': 0.5, 'e': 0.09519969035921715}",20,6,19.46834841667034,"{0: 14, 1: 0, 2: 0, 3: 0, 4: 0}",1
235,False,"{'a': 0.5, 'e': 0.09424769345562498}",20,10,16.56333449954338,"{0: 10, 1: 0, 2: 0, 3: 0, 4: 0}",1
236,False,"{'a': 0.5, 'e': 0.09330521652106873}",20,14,-10.119397565581679,"{0: 5, 1: 0, 2: 0, 3: 1, 4: 0}",1
237,False,"{'a': 0.5, 'e': 0.09237216435585804}",20,10,20.99087441953617,"{0: 10, 1: 0, 2: 0, 3: 0, 4: 0}",1
238,False,"{'a': 0.5, 'e': 0.09144844271229946}",30,22,14.51093198541079,"{0: 8, 1: 0, 2: 0, 3: 0, 4: 0}",1
239,False,"{'a': 0.5, 'e': 0.09053395828517646}",20,5,13.712286832968795,"{0: 14, 1: 0, 2: 1, 3: 0, 4: 0}",1
240,False,"{'a': 0.5, 'e': 0.08962861870232469}",20,12,19.223460817903028,"{0: 8, 1: 0, 2: 0, 3: 0, 4: 0}",1
241,False,"{'a': 0.5, 'e': 0.08873233251530144}",25,5,26.188449942336643,"{0: 19, 1: 1, 2: 0, 3: 0, 4: 0}",1
242,False,"{'a': 0.5, 'e': 0.08784500919014843}",20,9,21.524627401569347,"{0: 11, 1: 0, 2: 0, 3: 0, 4: 0}",1
243,False,"{'a': 0.5, 'e': 0.08696655909824694}",25,19,11.519921703678321,"{0: 6, 1: 0, 2: 0, 3: 0, 4: 0}",1
244,False,"{'a': 0.5, 'e': 0.08609689350726446}",25,14,20.23464340854378,"{0: 11, 1: 0, 2: 0, 3: 0, 4: 0}",1
245,False,"{'a': 0.5, 'e': 0.08523592457219181}",20,13,1.6105011987916114,"{0: 6, 1: 0, 2: 1, 3: 0, 4: 0}",1
246,False,"{'a': 0.5, 'e': 0.0843835653264699}",30,12,31.960875139932632,"{0: 18, 1: 0, 2: 0, 3: 0, 4: 0}",1
247,False,"{'a': 0.5, 'e': 0.0835397296732052}",30,11,15.72601934773514,"{0: 18, 1: 0, 2: 1, 3: 0, 4: 0}",1
248,False,"{'a': 0.5, 'e': 0.08270433237647315}",20,9,8.817782646458728,"{0: 10, 1: 0, 2: 1, 3: 0, 4: 0}",1
249,False,"{'a': 0.5, 'e': 0.08187728905270841}",25,14,16.91923398023961,"{0: 11, 1: 0, 2: 0, 3: 0, 4: 0}",1
250,False,"{'a': 0.5, 'e': 0.08105851616218133}",20,11,18.728658416868257,"{0: 9, 1: 0, 2: 0, 3: 0, 4: 0}",1
251,False,"{'a': 0.5, 'e': 0.08024793100055952}",35,24,16.617329768095598,"{0: 11, 1: 0, 2: 0, 3: 0, 4: 0}",1
252,False,"{'a': 0.5, 'e': 0.07944545169055392}",30,15,-3.180600642208656,"{0: 13, 1: 1, 2: 0, 3: 1, 4: 0}",1
253,False,"{'a': 0.5, 'e': 0.07865099717364837}",20,16,8.086857183282259,"{0: 4, 1: 0, 2: 0, 3: 0, 4: 0}",1
254,False,"{'a': 0.5, 'e': 0.07786448720191189}",25,15,19.74457245340997,"{0: 10, 1: 0, 2: 0, 3: 0, 4: 0}",1
255,False,"{'a': 0.5, 'e': 0.07708584232989277}",25,14,7.7208073732534315,"{0: 10, 1: 0, 2: 1, 3: 0, 4: 0}",1
256,False,"{'a': 0.5, 'e': 0.07631498390659384}",20,6,20.1503316299919,"{0: 14, 1: 0, 2: 0, 3: 0, 4: 0}",1
257,False,"{'a': 0.5, 'e': 0.07555183406752791}",25,10,15.600193831904825,"{0: 14, 1: 1, 2: 0, 3: 0, 4: 0}",1
258,False,"{'a': 0.5, 'e': 0.07479631572685264}",30,18,6.885328886910582,"{0: 11, 1: 0, 2: 1, 3: 0, 4: 0}",1
259,False,"{'a': 0.5, 'e': 0.07404835256958411}",35,25,15.361351821770024,"{0: 10, 1: 0, 2: 0, 3: 0, 4: 0}",1
260,False,"{'a': 0.5, 'e': 0.07330786904388827}",20,2,20.915685084595324,"{0: 17, 1: 0, 2: 1, 3: 0, 4: 0}",1
261,False,"{'a': 0.5, 'e': 0.07257479035344938}",25,13,13.464786772644905,"{0: 11, 1: 1, 2: 0, 3: 0, 4: 0}",1
262,False,"{'a': 0.5, 'e': 0.07184904244991488}",30,19,0.3710361692711497,"{0: 10, 1: 0, 2: 0, 3: 1, 4: 0}",1
263,False,"{'a': 0.5, 'e': 0.07113055202541574}",20,0,26.4074922573986,"{0: 20, 1: 0, 2: 0, 3: 0, 4: 0}",0
264,False,"{'a': 0.5, 'e': 0.07041924650516158}",30,11,33.56750465713497,"{0: 19, 1: 0, 2: 0, 3: 0, 4: 0}",1
265,False,"{'a': 0.5, 'e': 0.06971505404010997}",20,10,6.228143391924186,"{0: 9, 1: 0, 2: 1, 3: 0, 4: 0}",1
266,False,"{'a': 0.5, 'e': 0.06901790349970886}",20,8,21.72768144322618,"{0: 12, 1: 0, 2: 0, 3: 0, 4: 0}",1
267,False,"{'a': 0.5, 'e': 0.06832772446471178}",25,11,-35.46745022660649,"{0: 12, 1: 0, 2: 0, 3: 1, 4: 1}",1
268,False,"{'a': 0.5, 'e': 0.06764444722006466}",30,17,17.89462281828146,"{0: 12, 1: 1, 2: 0, 3: 0, 4: 0}",1
269,False,"{'a': 0.5, 'e': 0.066968002747864}",30,17,18.415111275686428,"{0: 13, 1: 0, 2: 0, 3: 0, 4: 0}",1
270,False,"{'a': 0.5, 'e': 0.06629832272038537}",30,17,22.261289022331766,"{0: 13, 1: 0, 2: 0, 3: 0, 4: 0}",1
271,False,"{'a': 0.5, 'e': 0.06563533949318151}",20,0,25.43535771169914,"{0: 20, 1: 0, 2: 0, 3: 0, 4: 0}",0
272,False,"{'a': 0.5, 'e': 0.06497898609824969}",25,12,13.229168737247619,"{0: 12, 1: 1, 2: 0, 3: 0, 4: 0}",1
273,False,"{'a': 0.5, 'e': 0.0643291962372672}",30,15,-16.794587954162772,"{0: 14, 1: 0, 2: 0, 3: 0, 4: 1}",1
274,False,"{'a': 0.5, 'e': 0.06368590427489453}",20,15,7.892824770599191,"{0: 5, 1: 0, 2: 0, 3: 0, 4: 0}",1
275,False,"{'a': 0.5, 'e': 0.06304904523214558}",20,8,21.20423999809838,"{0: 12, 1: 0, 2: 0, 3: 0, 4: 0}",1
276,False,"{'a': 0.5, 'e': 0.06241855477982412}",25,3,40.02023829666872,"{0: 22, 1: 0, 2: 0, 3: 0, 4: 0}",1
277,False,"{'a': 0.5, 'e': 0.06179436923202588}",25,8,28.052828471975914,"{0: 17, 1: 0, 2: 0, 3: 0, 4: 0}",1
278,False,"{'a': 0.5, 'e': 0.06117642553970562}",30,18,21.57163366015733,"{0: 12, 1: 0, 2: 0, 3: 0, 4: 0}",1
279,False,"{'a': 0.5, 'e': 0.06056466128430856}",25,5,21.863412460409883,"{0: 19, 1: 0, 2: 1, 3: 0, 4: 0}",1
280,False,"{'a': 0.5, 'e': 0.05995901467146548}",25,20,12.180889493958666,"{0: 5, 1: 0, 2: 0, 3: 0, 4: 0}",1
281,False,"{'a': 0.5, 'e': 0.05935942452475082}",30,12,31.120670824550157,"{0: 18, 1: 0, 2: 0, 3: 0, 4: 0}",1
282,False,"{'a': 0.5, 'e': 0.058765830279503314}",25,14,23.408399987644593,"{0: 11, 1: 0, 2: 0, 3: 0, 4: 0}",1
283,False,"{'a': 0.5, 'e': 0.05817817197670828}",25,11,-15.394901582067071,"{0: 13, 1: 0, 2: 0, 3: 0, 4: 1}",1
284,False,"{'a': 0.5, 'e': 0.057596390256941195}",25,0,-1.1904049904932998,"{0: 24, 1: 0, 2: 0, 3: 0, 4: 1}",1
285,False,"{'a': 0.5, 'e': 0.05702042635437178}",35,14,19.79689623381144,"{0: 20, 1: 0, 2: 0, 3: 1, 4: 0}",1
286,False,"{'a': 0.5, 'e': 0.05645022209082806}",20,8,15.614985467782308,"{0: 12, 1: 0, 2: 0, 3: 0, 4: 0}",1
287,False,"{'a': 0.5, 'e': 0.05588571986991978}",30,21,4.9326222389692465,"{0: 8, 1: 0, 2: 1, 3: 0, 4: 0}",1
288,False,"{'a': 0.5, 'e': 0.055326862671220584}",20,12,14.61799526840549,"{0: 8, 1: 0, 2: 0, 3: 0, 4: 0}",1
289,False,"{'a': 0.5, 'e': 0.05477359404450838}",20,12,11.403180493695466,"{0: 8, 1: 0, 2: 0, 3: 0, 4: 0}",1
290,False,"{'a': 0.5, 'e': 0.054225858104063294}",20,1,34.11410240346266,"{0: 19, 1: 0, 2: 0, 3: 0, 4: 0}",1
291,False,"{'a': 0.5, 'e': 0.05368359952302266}",35,23,17.229028471727286,"{0: 12, 1: 0, 2: 0, 3: 0, 4: 0}",1
292,False,"{'a': 0.5, 'e': 0.053146763527792434}",20,14,10.520102882950983,"{0: 6, 1: 0, 2: 0, 3: 0, 4: 0}",1
293,False,"{'a': 0.5, 'e': 0.052615295892514506}",30,10,36.20750244836501,"{0: 20, 1: 0, 2: 0, 3: 0, 4: 0}",1
294,False,"{'a': 0.5, 'e': 0.052089142933589364}",25,11,23.87389850014874,"{0: 14, 1: 0, 2: 0, 3: 0, 4: 0}",1
295,False,"{'a': 0.5, 'e': 0.05156825150425347}",20,9,9.3069199044074,"{0: 10, 1: 0, 2: 1, 3: 0, 4: 0}",1
296,False,"{'a': 0.5, 'e': 0.051052568989210935}",20,10,18.435309883487957,"{0: 10, 1: 0, 2: 0, 3: 0, 4: 0}",1
297,False,"{'a': 0.5, 'e': 0.05054204329931883}",25,14,21.999114080225223,"{0: 11, 1: 0, 2: 0, 3: 0, 4: 0}",1
298,False,"{'a': 0.5, 'e': 0.05003662286632564}",20,5,20.483466499520826,"{0: 14, 1: 1, 2: 0, 3: 0, 4: 0}",1
299,False,"{'a': 0.5, 'e': 0.04953625663766238}",25,7,27.82390527218131,"{0: 18, 1: 0, 2: 0, 3: 0, 4: 0}",1
300,False,"{'a': 0.5, 'e': 0.04904089407128576}",20,11,16.1120719390635,"{0: 9, 1: 0, 2: 0, 3: 0, 4: 0}",1
301,False,"{'a': 0.5, 'e': 0.0485504851305729}",30,19,-18.657684581015918,"{0: 10, 1: 0, 2: 0, 3: 0, 4: 1}",1
302,False,"{'a': 0.5, 'e': 0.048064980279267165}",20,9,18.871136528631848,"{0: 11, 1: 0, 2: 0, 3: 0, 4: 0}",1
303,False,"{'a': 0.5, 'e': 0.04758433047647449}",25,20,10.381855618678983,"{0: 5, 1: 0, 2: 0, 3: 0, 4: 0}",1
304,False,"{'a': 0.5, 'e': 0.04710848717170975}",25,8,27.941099680989517,"{0: 17, 1: 0, 2: 0, 3: 0, 4: 0}",1
305,False,"{'a': 0.5, 'e': 0.04663740229999265}",20,11,16.979531185531307,"{0: 9, 1: 0, 2: 0, 3: 0, 4: 0}",1
306,False,"{'a': 0.5, 'e': 0.04617102827699272}",35,20,26.86030580189421,"{0: 15, 1: 0, 2: 0, 3: 0, 4: 0}",1
307,False,"{'a': 0.5, 'e': 0.045709317994222794}",20,16,7.987829739815237,"{0: 4, 1: 0, 2: 0, 3: 0, 4: 0}",1
308,False,"{'a': 0.5, 'e': 0.04525222481428057}",20,2,-13.084463389728787,"{0: 17, 1: 0, 2: 0, 3: 0, 4: 1}",1
309,False,"{'a': 0.5, 'e': 0.04479970256613776}",30,19,22.115323432775373,"{0: 11, 1: 0, 2: 0, 3: 0, 4: 0}",1
310,False,"{'a': 0.5, 'e': 0.04435170554047638}",20,0,-23.865971512586516,"{0: 18, 1: 0, 2: 1, 3: 0, 4: 1}",0
311,False,"{'a': 0.5, 'e': 0.043908188485071616}",20,16,8.948327997440469,"{0: 4, 1: 0, 2: 0, 3: 0, 4: 0}",1
312,False,"{'a': 0.5, 'e': 0.0434691066002209}",25,9,26.571622445353093,"{0: 16, 1: 0, 2: 0, 3: 0, 4: 0}",1
313,False,"{'a': 0.5, 'e': 0.04303441553421869}",25,16,13.488108942332907,"{0: 9, 1: 0, 2: 0, 3: 0, 4: 0}",1
314,False,"{'a': 0.5, 'e': 0.0426040713788765}",20,0,17.090695530917348,"{0: 19, 1: 0, 2: 1, 3: 0, 4: 0}",0
315,False,"{'a': 0.5, 'e': 0.04217803066508773}",20,1,30.373147641324735,"{0: 19, 1: 0, 2: 0, 3: 0, 4: 0}",1
316,False,"{'a': 0.5, 'e': 0.04175625035843686}",25,16,14.676281960056137,"{0: 9, 1: 0, 2: 0, 3: 0, 4: 0}",1
317,False,"{'a': 0.5, 'e': 0.041338687854852486}",20,8,-9.664758609463107,"{0: 10, 1: 0, 2: 1, 3: 1, 4: 0}",1
318,False,"{'a': 0.5, 'e': 0.04092530097630396}",20,12,-24.32382090187664,"{0: 7, 1: 0, 2: 0, 3: 0, 4: 1}",1
319,False,"{'a': 0.5, 'e': 0.040516047966540916}",25,10,3.9848066572807603,"{0: 14, 1: 0, 2: 0, 3: 1, 4: 0}",1
320,False,"{'a': 0.5, 'e': 0.04011088748687551}",20,14,9.119357933283979,"{0: 6, 1: 0, 2: 0, 3: 0, 4: 0}",1
321,False,"{'a': 0.5, 'e': 0.03970977861200675}",20,3,3.2333694746905985,"{0: 16, 1: 0, 2: 0, 3: 1, 4: 0}",1
322,False,"{'a': 0.5, 'e': 0.03931268082588668}",20,7,24.65869395634002,"{0: 13, 1: 0, 2: 0, 3: 0, 4: 0}",1
323,False,"{'a': 0.5, 'e': 0.03891955401762781}",20,8,18.957483971304164,"{0: 12, 1: 0, 2: 0, 3: 0, 4: 0}",1
324,False,"{'a': 0.5, 'e': 0.03853035847745153}",20,14,12.44462367220618,"{0: 6, 1: 0, 2: 0, 3: 0, 4: 0}",1
325,False,"{'a': 0.5, 'e': 0.03814505489267701}",25,15,16.25726395569624,"{0: 10, 1: 0, 2: 0, 3: 0, 4: 0}",1
326,False,"{'a': 0.5, 'e': 0.03776360434375024}",30,8,39.74639727841265,"{0: 22, 1: 0, 2: 0, 3: 0, 4: 0}",1
327,False,"{'a': 0.5, 'e': 0.03738596830031274}",20,15,9.435711073941363,"{0: 5, 1: 0, 2: 0, 3: 0, 4: 0}",1
328,False,"{'a': 0.5, 'e': 0.03701210861730961}",20,8,26.58483684211156,"{0: 12, 1: 0, 2: 0, 3: 0, 4: 0}",1
329,False,"{'a': 0.5, 'e': 0.03664198753113651}",30,0,-5.609670129980335,"{0: 29, 1: 0, 2: 0, 3: 0, 4: 1}",0
330,False,"{'a': 0.5, 'e': 0.036275567655825146}",25,16,14.613782440044536,"{0: 9, 1: 0, 2: 0, 3: 0, 4: 0}",1
331,False,"{'a': 0.5, 'e': 0.03591281197926689}",25,9,-46.19161522924342,"{0: 13, 1: 0, 2: 1, 3: 1, 4: 1}",1
332,False,"{'a': 0.5, 'e': 0.035553683859474224}",25,8,26.00544534944973,"{0: 17, 1: 0, 2: 0, 3: 0, 4: 0}",1
333,False,"{'a': 0.5, 'e': 0.03519814702087948}",20,14,11.373183799040826,"{0: 6, 1: 0, 2: 0, 3: 0, 4: 0}",1
334,False,"{'a': 0.5, 'e': 0.03484616555067068}",25,12,4.923111552623169,"{0: 11, 1: 1, 2: 1, 3: 0, 4: 0}",1
335,False,"{'a': 0.5, 'e': 0.034497703895163975}",25,10,27.770459305588545,"{0: 15, 1: 0, 2: 0, 3: 0, 4: 0}",1
336,False,"{'a': 0.5, 'e': 0.03415272685621234}",20,9,18.30582753046513,"{0: 11, 1: 0, 2: 0, 3: 0, 4: 0}",1
337,False,"{'a': 0.5, 'e': 0.03381119958765021}",20,0,15.332389801330148,"{0: 19, 1: 0, 2: 1, 3: 0, 4: 0}",0
338,False,"{'a': 0.5, 'e': 0.03347308759177371}",20,6,29.463707176182236,"{0: 14, 1: 0, 2: 0, 3: 0, 4: 0}",1
339,False,"{'a': 0.5, 'e': 0.03313835671585597}",20,5,5.1849575887429795,"{0: 14, 1: 0, 2: 0, 3: 1, 4: 0}",1
340,False,"{'a': 0.5, 'e': 0.03280697314869741}",25,11,-6.98447324666893,"{0: 12, 1: 0, 2: 1, 3: 1, 4: 0}",1
341,False,"{'a': 0.5, 'e': 0.032478903417210436}",20,10,14.129688079017756,"{0: 10, 1: 0, 2: 0, 3: 0, 4: 0}",1
342,False,"{'a': 0.5, 'e': 0.032154114383038335}",20,10,19.97645573777841,"{0: 10, 1: 0, 2: 0, 3: 0, 4: 0}",1
343,False,"{'a': 0.5, 'e': 0.03183257323920795}",20,0,29.317261649821113,"{0: 20, 1: 0, 2: 0, 3: 0, 4: 0}",1
344,False,"{'a': 0.5, 'e': 0.03151424750681587}",20,3,20.49818724488561,"{0: 16, 1: 0, 2: 1, 3: 0, 4: 0}",1
345,False,"{'a': 0.5, 'e': 0.03119910503174771}",25,15,16.801042830278302,"{0: 10, 1: 0, 2: 0, 3: 0, 4: 0}",1
346,False,"{'a': 0.5, 'e': 0.030887113981430233}",30,3,44.09890685201017,"{0: 27, 1: 0, 2: 0, 3: 0, 4: 0}",1
347,False,"{'a': 0.5, 'e': 0.03057824284161593}",25,14,18.411331944619477,"{0: 11, 1: 0, 2: 0, 3: 0, 4: 0}",1
348,False,"{'a': 0.5, 'e': 0.03027246041319977}",35,16,35.74765338217978,"{0: 19, 1: 0, 2: 0, 3: 0, 4: 0}",1
349,False,"{'a': 0.5, 'e': 0.029969735809067772}",30,10,-14.549266351898273,"{0: 18, 1: 1, 2: 0, 3: 0, 4: 1}",1
350,False,"{'a': 0.5, 'e': 0.029670038450977095}",25,8,9.081886586399515,"{0: 16, 1: 0, 2: 0, 3: 1, 4: 0}",1
351,False,"{'a': 0.5, 'e': 0.029373338066467324}",35,15,38.47204936518805,"{0: 20, 1: 0, 2: 0, 3: 0, 4: 0}",1
352,False,"{'a': 0.5, 'e': 0.02907960468580265}",25,7,30.01452119160106,"{0: 18, 1: 0, 2: 0, 3: 0, 4: 0}",1
353,False,"{'a': 0.5, 'e': 0.028788808638944622}",30,14,27.958702537717063,"{0: 16, 1: 0, 2: 0, 3: 0, 4: 0}",1
354,False,"{'a': 0.5, 'e': 0.028500920552555174}",20,0,30.572684305984616,"{0: 20, 1: 0, 2: 0, 3: 0, 4: 0}",0
355,False,"{'a': 0.5, 'e': 0.028215911347029624}",30,10,41.51579462271763,"{0: 20, 1: 0, 2: 0, 3: 0, 4: 0}",1
356,False,"{'a': 0.5, 'e': 0.027933752233559327}",20,2,29.41851372943035,"{0: 18, 1: 0, 2: 0, 3: 0, 4: 0}",1
357,False,"{'a': 0.5, 'e': 0.027654414711223735}",25,7,32.001496449090844,"{0: 18, 1: 0, 2: 0, 3: 0, 4: 0}",1
358,False,"{'a': 0.5, 'e': 0.027377870564111496}",20,15,-30.880219068953437,"{0: 4, 1: 0, 2: 0, 3: 0, 4: 1}",1
359,False,"{'a': 0.5, 'e': 0.027104091858470382}",25,7,31.35034161335099,"{0: 18, 1: 0, 2: 0, 3: 0, 4: 0}",1
360,False,"{'a': 0.5, 'e': 0.026833050939885677}",30,13,29.934798879693577,"{0: 17, 1: 0, 2: 0, 3: 0, 4: 0}",1
361,False,"{'a': 0.5, 'e': 0.02656472043048682}",25,16,17.477463051853594,"{0: 9, 1: 0, 2: 0, 3: 0, 4: 0}",1
362,False,"{'a': 0.5, 'e': 0.02629907322618195}",20,12,15.522241393306615,"{0: 8, 1: 0, 2: 0, 3: 0, 4: 0}",1
363,False,"{'a': 0.5, 'e': 0.026036082493920133}",30,18,19.468949735616818,"{0: 12, 1: 0, 2: 0, 3: 0, 4: 0}",1
364,False,"{'a': 0.5, 'e': 0.02577572166898093}",30,16,25.84197270445741,"{0: 14, 1: 0, 2: 0, 3: 0, 4: 0}",1
365,False,"{'a': 0.5, 'e': 0.025517964452291122}",20,6,-40.389102880417724,"{0: 12, 1: 0, 2: 0, 3: 1, 4: 1}",1
366,False,"{'a': 0.5, 'e': 0.02526278480776821}",25,7,26.49710096177126,"{0: 18, 1: 0, 2: 0, 3: 0, 4: 0}",1
367,False,"{'a': 0.5, 'e': 0.025010156959690527}",25,13,21.379927075553578,"{0: 12, 1: 0, 2: 0, 3: 0, 4: 0}",1
368,False,"{'a': 0.5, 'e': 0.02476005539009362}",25,13,18.219970120487876,"{0: 12, 1: 0, 2: 0, 3: 0, 4: 0}",1
369,False,"{'a': 0.5, 'e': 0.024512454836192684}",25,12,22.078395152254384,"{0: 13, 1: 0, 2: 0, 3: 0, 4: 0}",1
370,False,"{'a': 0.5, 'e': 0.024267330287830756}",30,17,0.5296380257882218,"{0: 12, 1: 0, 2: 0, 3: 1, 4: 0}",1
371,False,"{'a': 0.5, 'e': 0.024024656984952448}",25,12,21.705891658702203,"{0: 13, 1: 0, 2: 0, 3: 0, 4: 0}",1
372,False,"{'a': 0.5, 'e': 0.023784410415102923}",20,6,22.9779309782538,"{0: 14, 1: 0, 2: 0, 3: 0, 4: 0}",1
373,False,"{'a': 0.5, 'e': 0.023546566310951894}",20,9,24.42840668627509,"{0: 11, 1: 0, 2: 0, 3: 0, 4: 0}",1
374,False,"{'a': 0.5, 'e': 0.023311100647842375}",20,13,14.013859082680696,"{0: 7, 1: 0, 2: 0, 3: 0, 4: 0}",1
375,False,"{'a': 0.5, 'e': 0.02307798964136395}",30,12,28.16055202370364,"{0: 18, 1: 0, 2: 0, 3: 0, 4: 0}",1
376,False,"{'a': 0.5, 'e': 0.022847209744950314}",25,15,16.925718098374052,"{0: 10, 1: 0, 2: 0, 3: 0, 4: 0}",1
377,False,"{'a': 0.5, 'e': 0.02261873764750081}",25,17,14.738152195600879,"{0: 8, 1: 0, 2: 0, 3: 0, 4: 0}",1
378,False,"{'a': 0.5, 'e': 0.022392550271025803}",20,0,28.09622951325865,"{0: 20, 1: 0, 2: 0, 3: 0, 4: 0}",0
379,False,"{'a': 0.5, 'e': 0.022168624768315544}",25,14,22.42575118549954,"{0: 11, 1: 0, 2: 0, 3: 0, 4: 0}",1
380,False,"{'a': 0.5, 'e': 0.02194693852063239}",20,0,30.048893053027456,"{0: 20, 1: 0, 2: 0, 3: 0, 4: 0}",0
381,False,"{'a': 0.5, 'e': 0.021727469135426065}",30,13,28.82178258877984,"{0: 17, 1: 0, 2: 0, 3: 0, 4: 0}",1
382,False,"{'a': 0.5, 'e': 0.021510194444071803}",20,10,17.881128263488883,"{0: 10, 1: 0, 2: 0, 3: 0, 4: 0}",1
383,False,"{'a': 0.5, 'e': 0.021295092499631085}",25,11,27.504136811539944,"{0: 14, 1: 0, 2: 0, 3: 0, 4: 0}",1
384,False,"{'a': 0.5, 'e': 0.021082141574634772}",20,6,23.88286983797476,"{0: 14, 1: 0, 2: 0, 3: 0, 4: 0}",1
385,False,"{'a': 0.5, 'e': 0.020871320158888425}",30,15,25.82869690826113,"{0: 15, 1: 0, 2: 0, 3: 0, 4: 0}",1
386,False,"{'a': 0.5, 'e': 0.020662606957299542}",25,3,43.76440936990257,"{0: 22, 1: 0, 2: 0, 3: 0, 4: 0}",1
387,False,"{'a': 0.5, 'e': 0.020455980887726547}",20,1,32.39557465004777,"{0: 19, 1: 0, 2: 0, 3: 0, 4: 0}",1
388,False,"{'a': 0.5, 'e': 0.02025142107884928}",25,10,29.795303493682752,"{0: 15, 1: 0, 2: 0, 3: 0, 4: 0}",1
389,False,"{'a': 0.5, 'e': 0.020048906868060788}",20,8,21.407476166038688,"{0: 12, 1: 0, 2: 0, 3: 0, 4: 0}",1
390,False,"{'a': 0.5, 'e': 0.01984841779938018}",20,2,28.81327601479207,"{0: 18, 1: 0, 2: 0, 3: 0, 4: 0}",1
391,False,"{'a': 0.5, 'e': 0.019649933621386378}",35,9,45.28021937127324,"{0: 26, 1: 0, 2: 0, 3: 0, 4: 0}",1
392,False,"{'a': 0.5, 'e': 0.019453434285172513}",25,14,20.14520569268417,"{0: 11, 1: 0, 2: 0, 3: 0, 4: 0}",1
393,False,"{'a': 0.5, 'e': 0.019258899942320787}",20,6,26.0981842123179,"{0: 14, 1: 0, 2: 0, 3: 0, 4: 0}",1
394,False,"{'a': 0.5, 'e': 0.01906631094289758}",25,14,20.532692209834895,"{0: 11, 1: 0, 2: 0, 3: 0, 4: 0}",1
395,False,"{'a': 0.5, 'e': 0.018875647833468602}",30,8,36.58949193588553,"{0: 22, 1: 0, 2: 0, 3: 0, 4: 0}",1
396,False,"{'a': 0.5, 'e': 0.018686891355133916}",20,13,14.82273118696413,"{0: 7, 1: 0, 2: 0, 3: 0, 4: 0}",1
397,False,"{'a': 0.5, 'e': 0.018500022441582577}",25,8,27.932453048458022,"{0: 17, 1: 0, 2: 0, 3: 0, 4: 0}",1
398,False,"{'a': 0.5, 'e': 0.01831502221716675}",25,15,16.71988361356234,"{0: 10, 1: 0, 2: 0, 3: 0, 4: 0}",1
399,False,"{'a': 0.5, 'e': 0.018131871994995084}",25,3,35.25321728225343,"{0: 22, 1: 0, 2: 0, 3: 0, 4: 0}",1
400,False,"{'a': 0.5, 'e': 0.017950553275045134}",30,16,27.235538083596317,"{0: 14, 1: 0, 2: 0, 3: 0, 4: 0}",1
401,False,"{'a': 0.5, 'e': 0.017771047742294682}",20,13,11.589497246650353,"{0: 7, 1: 0, 2: 0, 3: 0, 4: 0}",1
402,False,"{'a': 0.5, 'e': 0.017593337264871736}",25,18,-7.5140141344701945,"{0: 6, 1: 0, 2: 0, 3: 1, 4: 0}",1
403,False,"{'a': 0.5, 'e': 0.01741740389222302}",30,17,18.803149378223093,"{0: 13, 1: 0, 2: 0, 3: 0, 4: 0}",1
404,False,"{'a': 0.5, 'e': 0.01724322985330079}",25,6,31.052992888443995,"{0: 19, 1: 0, 2: 0, 3: 0, 4: 0}",1
405,False,"{'a': 0.5, 'e': 0.017070797554767782}",20,0,17.391118916303792,"{0: 19, 1: 0, 2: 1, 3: 0, 4: 0}",0
406,False,"{'a': 0.5, 'e': 0.016900089579220106}",20,13,14.882829942377203,"{0: 7, 1: 0, 2: 0, 3: 0, 4: 0}",1
407,False,"{'a': 0.5, 'e': 0.016731088683427906}",25,14,21.67906587380569,"{0: 11, 1: 0, 2: 0, 3: 0, 4: 0}",1
408,False,"{'a': 0.5, 'e': 0.016563777796593626}",25,13,20.998562563659636,"{0: 12, 1: 0, 2: 0, 3: 0, 4: 0}",1
409,False,"{'a': 0.5, 'e': 0.016398140018627688}",25,11,20.405002763457954,"{0: 14, 1: 0, 2: 0, 3: 0, 4: 0}",1
410,False,"{'a': 0.5, 'e': 0.01623415861844141}",20,9,18.623569923489715,"{0: 11, 1: 0, 2: 0, 3: 0, 4: 0}",1
411,False,"{'a': 0.5, 'e': 0.016071817032256998}",25,17,12.158871904397342,"{0: 8, 1: 0, 2: 0, 3: 0, 4: 0}",1
412,False,"{'a': 0.5, 'e': 0.01591109886193443}",20,10,20.212944553805706,"{0: 10, 1: 0, 2: 0, 3: 0, 4: 0}",1
413,False,"{'a': 0.5, 'e': 0.015751987873315085}",20,9,21.24502957123994,"{0: 11, 1: 0, 2: 0, 3: 0, 4: 0}",1
414,False,"{'a': 0.5, 'e': 0.015594467994581935}",25,13,-17.01335603590738,"{0: 11, 1: 0, 2: 0, 3: 0, 4: 1}",1
415,False,"{'a': 0.5, 'e': 0.015438523314636115}",30,22,14.557205691911346,"{0: 8, 1: 0, 2: 0, 3: 0, 4: 0}",1
416,False,"{'a': 0.5, 'e': 0.015284138081489753}",20,13,12.641866862506909,"{0: 7, 1: 0, 2: 0, 3: 0, 4: 0}",1
417,False,"{'a': 0.5, 'e': 0.015131296700674856}",30,4,46.09230794575014,"{0: 26, 1: 0, 2: 0, 3: 0, 4: 0}",1
418,False,"{'a': 0.5, 'e': 0.014979983733668108}",25,7,30.590401535860497,"{0: 18, 1: 0, 2: 0, 3: 0, 4: 0}",1
419,False,"{'a': 0.5, 'e': 0.014830183896331426}",25,14,-22.738262411945588,"{0: 10, 1: 0, 2: 0, 3: 0, 4: 1}",1
420,False,"{'a': 0.5, 'e': 0.014681882057368112}",35,19,29.98451586686483,"{0: 16, 1: 0, 2: 0, 3: 0, 4: 0}",1
421,False,"{'a': 0.5, 'e': 0.01453506323679443}",20,3,25.649879458128588,"{0: 17, 1: 0, 2: 0, 3: 0, 4: 0}",1
422,False,"{'a': 0.5, 'e': 0.014389712604426485}",20,6,27.45137168958023,"{0: 14, 1: 0, 2: 0, 3: 0, 4: 0}",1
423,False,"{'a': 0.5, 'e': 0.01424581547838222}",20,6,24.484467049371098,"{0: 14, 1: 0, 2: 0, 3: 0, 4: 0}",1
424,False,"{'a': 0.5, 'e': 0.014103357323598397}",30,22,12.04871249220852,"{0: 8, 1: 0, 2: 0, 3: 0, 4: 0}",1
425,False,"{'a': 0.5, 'e': 0.013962323750362413}",25,8,23.367043983697613,"{0: 17, 1: 0, 2: 0, 3: 0, 4: 0}",1
426,False,"{'a': 0.5, 'e': 0.013822700512858789}",20,10,19.668132789385265,"{0: 10, 1: 0, 2: 0, 3: 0, 4: 0}",1
427,False,"{'a': 0.5, 'e': 0.0136844735077302}",25,13,23.589945894014033,"{0: 12, 1: 0, 2: 0, 3: 0, 4: 0}",1
428,False,"{'a': 0.5, 'e': 0.013547628772652899}",30,19,9.249987592520322,"{0: 10, 1: 0, 2: 1, 3: 0, 4: 0}",1
429,False,"{'a': 0.5, 'e': 0.01341215248492637}",25,19,11.290312742384948,"{0: 6, 1: 0, 2: 0, 3: 0, 4: 0}",1
430,False,"{'a': 0.5, 'e': 0.013278030960077106}",20,3,31.092206813045077,"{0: 17, 1: 0, 2: 0, 3: 0, 4: 0}",1
431,False,"{'a': 0.5, 'e': 0.013145250650476335}",20,14,-10.436664106873424,"{0: 5, 1: 0, 2: 0, 3: 1, 4: 0}",1
432,False,"{'a': 0.5, 'e': 0.01301379814397157}",35,19,27.43691853723651,"{0: 16, 1: 0, 2: 0, 3: 0, 4: 0}",1
433,False,"{'a': 0.5, 'e': 0.012883660162531854}",20,10,21.02698460108277,"{0: 10, 1: 0, 2: 0, 3: 0, 4: 0}",1
434,False,"{'a': 0.5, 'e': 0.012754823560906535}",20,11,12.230539282536878,"{0: 9, 1: 0, 2: 0, 3: 0, 4: 0}",1
435,False,"{'a': 0.5, 'e': 0.01262727532529747}",25,1,41.780845529979196,"{0: 24, 1: 0, 2: 0, 3: 0, 4: 0}",1
436,False,"{'a': 0.5, 'e': 0.012501002572044496}",20,13,13.92832825584289,"{0: 7, 1: 0, 2: 0, 3: 0, 4: 0}",1
437,False,"{'a': 0.5, 'e': 0.01237599254632405}",20,10,20.5778268143931,"{0: 10, 1: 0, 2: 0, 3: 0, 4: 0}",1
438,False,"{'a': 0.5, 'e': 0.01225223262086081}",25,18,13.736292640080878,"{0: 7, 1: 0, 2: 0, 3: 0, 4: 0}",1
439,False,"{'a': 0.5, 'e': 0.012129710294652202}",25,18,14.26044253263559,"{0: 7, 1: 0, 2: 0, 3: 0, 4: 0}",1
440,False,"{'a': 0.5, 'e': 0.01200841319170568}",25,13,22.20414084595258,"{0: 12, 1: 0, 2: 0, 3: 0, 4: 0}",1
441,False,"{'a': 0.5, 'e': 0.011888329059788623}",20,13,10.24094357226852,"{0: 7, 1: 0, 2: 0, 3: 0, 4: 0}",1
442,False,"{'a': 0.5, 'e': 0.011769445769190737}",20,3,27.338932633345973,"{0: 17, 1: 0, 2: 0, 3: 0, 4: 0}",1
443,False,"{'a': 0.5, 'e': 0.01165175131149883}",20,3,30.362083064150827,"{0: 17, 1: 0, 2: 0, 3: 0, 4: 0}",1
444,False,"{'a': 0.5, 'e': 0.011535233798383842}",30,19,20.999717946144276,"{0: 11, 1: 0, 2: 0, 3: 0, 4: 0}",1
445,False,"{'a': 0.5, 'e': 0.011419881460400004}",30,10,37.20679463373225,"{0: 20, 1: 0, 2: 0, 3: 0, 4: 0}",1
446,False,"{'a': 0.5, 'e': 0.011305682645796004}",30,8,37.03892113384425,"{0: 22, 1: 0, 2: 0, 3: 0, 4: 0}",1
447,False,"{'a': 0.5, 'e': 0.011192625819338045}",25,6,33.23799924878208,"{0: 19, 1: 0, 2: 0, 3: 0, 4: 0}",1
448,False,"{'a': 0.5, 'e': 0.011080699561144665}",20,11,16.59627075094116,"{0: 9, 1: 0, 2: 0, 3: 0, 4: 0}",1
449,False,"{'a': 0.5, 'e': 0.010969892565533218}",20,8,-18.03402634432072,"{0: 11, 1: 0, 2: 0, 3: 0, 4: 1}",1
450,False,"{'a': 0.5, 'e': 0.010860193639877886}",20,6,23.904312712290956,"{0: 14, 1: 0, 2: 0, 3: 0, 4: 0}",1
451,False,"{'a': 0.5, 'e': 0.010751591703479106}",20,2,29.663491509050083,"{0: 18, 1: 0, 2: 0, 3: 0, 4: 0}",1
452,False,"{'a': 0.5, 'e': 0.010644075786444315}",25,8,33.124512520590784,"{0: 17, 1: 0, 2: 0, 3: 0, 4: 0}",1
453,False,"{'a': 0.5, 'e': 0.010537635028579873}",20,6,20.844032549843664,"{0: 14, 1: 0, 2: 0, 3: 0, 4: 0}",1
454,False,"{'a': 0.5, 'e': 0.010432258678294073}",30,21,17.04741731966334,"{0: 9, 1: 0, 2: 0, 3: 0, 4: 0}",1
455,False,"{'a': 0.5, 'e': 0.010327936091511133}",20,0,34.988099686645754,"{0: 20, 1: 0, 2: 0, 3: 0, 4: 0}",0
456,False,"{'a': 0.5, 'e': 0.010224656730596022}",30,17,22.460349176928197,"{0: 13, 1: 0, 2: 0, 3: 0, 4: 0}",1
457,False,"{'a': 0.5, 'e': 0.01012241016329006}",25,11,25.990479996617907,"{0: 14, 1: 0, 2: 0, 3: 0, 4: 0}",1
458,False,"{'a': 0.5, 'e': 0.01002118606165716}",30,16,23.95067270784046,"{0: 14, 1: 0, 2: 0, 3: 0, 4: 0}",1
459,False,"{'a': 0.5, 'e': 0.009920974201040588}",20,13,11.85394781435607,"{0: 7, 1: 0, 2: 0, 3: 0, 4: 0}",1
1,True,"{'a': 0, 'e': 0}",25,18,11.963062083753039,"{0: 7, 1: 0, 2: 0, 3: 0, 4: 0}",1
2,True,"{'a': 0, 'e': 0}",20,6,22.278389574166788,"{0: 14, 1: 0, 2: 0, 3: 0, 4: 0}",1
3,True,"{'a': 0, 'e': 0}",25,10,22.606778247397294,"{0: 15, 1: 0, 2: 0, 3: 0, 4: 0}",1
4,True,"{'a': 0, 'e': 0}",20,9,18.6454659286296,"{0: 11, 1: 0, 2: 0, 3: 0, 4: 0}",1
5,True,"{'a': 0, 'e': 0}",20,11,15.775960411984137,"{0: 9, 1: 0, 2: 0, 3: 0, 4: 0}",1
6,True,"{'a': 0, 'e': 0}",20,3,27.98241688985273,"{0: 17, 1: 0, 2: 0, 3: 0, 4: 0}",1
7,True,"{'a': 0, 'e': 0}",30,18,21.928674779270317,"{0: 12, 1: 0, 2: 0, 3: 0, 4: 0}",1
8,True,"{'a': 0, 'e': 0}",20,7,22.150838192655357,"{0: 13, 1: 0, 2: 0, 3: 0, 4: 0}",1
9,True,"{'a': 0, 'e': 0}",25,15,16.85287104987871,"{0: 10, 1: 0, 2: 0, 3: 0, 4: 0}",1
10,True,"{'a': 0, 'e': 0}",30,23,12.09460171370642,"{0: 7, 1: 0, 2: 0, 3: 0, 4: 0}",1
